task_id,task_category,is_assessment_key_date,estimated_effort,days_until_key_date,priority_numeric,focus_rating_avg,workload_density,late_day_work_ratio,actual_effort,completed_on_time
1,personal milestone,1,10.2,14.1,2,7.85,3,0.48,12.3,1
2,administrative task,0,31.9,11.5,2,8.08,3,0.35,44.8,1
3,care commitment,1,9.4,3.3,3,9.52,2,0.25,9.9,1
4,personal milestone,0,24.3,19.6,3,7.46,1,0.77,36.1,1
5,personal milestone,0,9.0,1.3,3,4.73,1,0.88,13.2,0
6,care commitment,0,30.4,13.1,2,4.6,1,0.56,46.2,1
7,administrative task,0,13.5,19.3,2,9.46,4,0.19,18.1,1
8,administrative task,1,6.1,13.0,1,4.88,5,0.86,5.6,1
9,client work,1,7.3,15.5,3,7.46,5,0.28,7.2,1
10,administrative task,0,29.4,6.6,3,9.74,3,0.55,37.2,0
11,care commitment,1,6.8,15.5,3,5.22,1,0.23,10.2,1
12,project delivery,1,8.4,8.8,3,7.44,3,0.13,9.8,1
13,personal milestone,0,23.7,9.6,3,5.35,3,0.73,35.0,1
14,care commitment,0,26.5,4.8,1,7.16,2,0.83,36.3,0
15,project delivery,0,5.7,16.1,3,8.34,5,0.84,7.1,1
16,administrative task,0,23.3,14.3,2,6.9,4,0.45,32.7,1
17,administrative task,0,24.6,12.5,1,4.53,5,0.57,37.9,1
18,care commitment,1,27.0,11.9,1,6.73,4,0.83,33.0,1
19,assessment,1,16.2,16.5,1,6.73,4,0.37,19.4,1
20,client work,0,13.2,14.2,2,7.84,4,0.75,16.8,1
21,administrative task,0,6.5,5.8,1,9.63,4,0.79,9.4,1
22,project delivery,0,22.4,11.3,2,4.31,5,0.39,34.6,1
23,care commitment,0,16.4,2.0,2,7.19,3,0.45,21.5,0
24,project delivery,0,4.8,13.0,1,8.12,3,0.54,6.1,1
25,project delivery,0,10.3,17.0,1,6.68,1,0.62,15.3,1
26,care commitment,1,12.2,14.4,2,8.84,4,0.29,13.9,1
27,administrative task,0,9.3,12.4,3,9.1,1,0.32,11.6,1
28,administrative task,0,13.5,16.0,2,8.76,3,0.68,19.4,1
29,assessment,0,32.0,10.3,1,6.59,4,0.38,45.3,0
30,assessment,0,14.6,18.7,1,9.69,2,0.56,19.5,1
31,administrative task,1,5.2,15.1,3,9.3,4,0.41,5.1,1
32,care commitment,0,31.5,10.4,1,4.73,5,0.37,46.9,0
33,administrative task,1,6.8,18.3,1,8.19,4,0.8,8.7,1
34,project delivery,0,17.1,19.4,2,7.61,4,0.62,23.9,1
35,care commitment,0,28.1,8.2,2,7.64,4,0.8,39.8,0
36,project delivery,1,10.6,14.0,2,9.79,1,0.45,11.8,1
37,care commitment,1,23.7,2.9,1,8.03,1,0.14,26.9,0
38,personal milestone,0,14.0,9.2,1,7.08,5,0.65,16.8,1
39,client work,1,6.2,17.5,3,7.96,4,0.83,7.2,1
40,administrative task,1,21.9,9.7,3,4.05,4,0.82,28.3,1
41,client work,0,6.1,19.0,3,5.74,4,0.65,8.8,1
42,personal milestone,0,9.6,8.3,2,4.62,4,0.56,16.5,1
43,care commitment,0,12.3,19.6,3,6.3,1,0.55,17.0,1
44,care commitment,0,31.3,18.3,3,6.88,3,0.72,46.0,1
45,personal milestone,1,10.1,4.6,2,7.93,2,0.6,10.9,1
46,care commitment,0,5.1,16.0,1,7.36,2,0.17,7.3,1
47,care commitment,0,15.6,4.8,3,9.08,3,0.52,20.0,0
48,client work,0,11.2,16.7,2,9.61,3,0.7,14.2,1
49,project delivery,0,17.1,2.4,1,8.99,4,0.87,23.2,0
50,personal milestone,0,6.5,8.5,2,7.11,4,0.39,9.3,1
51,personal milestone,0,20.4,16.6,2,4.63,2,0.48,29.7,1
52,assessment,0,13.2,12.6,3,4.37,4,0.83,20.0,1
53,administrative task,0,7.3,1.9,1,5.77,4,0.19,10.6,0
54,assessment,1,7.8,9.6,3,9.51,5,0.44,10.7,1
55,client work,0,28.8,13.4,2,7.57,3,0.13,40.7,1
56,administrative task,0,16.5,5.5,2,4.58,3,0.54,23.1,0
57,personal milestone,0,5.7,6.2,1,9.5,4,0.17,7.6,1
58,care commitment,1,20.7,1.4,2,5.41,2,0.73,25.3,0
59,assessment,1,9.8,5.1,1,5.91,2,0.73,11.9,1
60,personal milestone,0,28.0,3.7,1,7.13,2,0.19,41.2,0
61,client work,0,4.4,16.0,1,7.42,1,0.24,7.2,1
62,care commitment,1,15.8,3.2,1,6.76,3,0.51,20.4,0
63,assessment,1,10.2,12.7,3,8.54,5,0.34,12.1,1
64,project delivery,0,5.7,10.1,2,6.47,1,0.49,7.1,1
65,project delivery,0,29.2,7.1,1,4.38,3,0.6,45.3,0
66,care commitment,0,13.1,19.9,3,5.71,5,0.58,17.6,1
67,care commitment,1,7.2,13.4,3,8.18,2,0.44,6.9,1
68,administrative task,0,13.5,9.6,2,8.23,3,0.44,17.4,1
69,personal milestone,0,30.7,14.0,2,4.39,1,0.17,46.6,1
70,care commitment,1,14.4,3.5,1,7.4,5,0.55,17.7,0
71,administrative task,0,13.9,13.6,2,9.03,1,0.87,18.8,1
72,personal milestone,0,6.9,10.6,1,7.81,2,0.78,7.7,1
73,assessment,0,14.3,15.5,3,5.31,4,0.78,21.8,1
74,assessment,0,21.2,13.2,1,7.53,3,0.12,28.3,1
75,personal milestone,0,29.8,7.7,1,9.05,5,0.63,40.4,0
76,care commitment,1,21.7,1.6,3,7.08,4,0.44,25.7,0
77,personal milestone,0,12.7,7.2,3,7.46,1,0.22,17.1,1
78,project delivery,0,22.9,6.2,3,6.46,5,0.45,33.6,0
79,assessment,0,7.2,9.2,2,7.93,5,0.49,12.2,1
80,project delivery,0,10.2,19.7,1,4.04,3,0.86,14.5,1
81,personal milestone,0,12.1,3.3,2,8.33,2,0.2,15.4,0
82,client work,0,18.0,16.8,2,4.42,1,0.45,29.2,1
83,project delivery,0,28.1,11.9,3,6.35,4,0.33,42.1,1
84,personal milestone,0,8.8,19.0,2,8.83,3,0.17,12.8,1
85,client work,0,16.2,8.6,1,6.3,3,0.7,23.4,1
86,client work,1,6.1,13.0,3,6.96,3,0.38,6.1,1
87,care commitment,0,26.8,5.5,1,5.48,2,0.58,40.1,0
88,care commitment,0,6.1,19.1,3,6.87,5,0.71,9.1,1
89,assessment,0,22.0,19.7,2,9.01,3,0.22,29.4,1
90,administrative task,1,21.7,16.1,3,4.33,5,0.16,27.4,1
91,project delivery,0,5.6,16.8,1,7.74,1,0.59,8.6,1
92,administrative task,0,20.2,19.1,3,9.2,4,0.83,25.6,1
93,client work,0,13.0,10.0,1,9.55,4,0.18,16.8,1
94,personal milestone,0,31.5,2.6,3,5.0,2,0.67,48.4,0
95,assessment,0,18.6,4.0,2,9.32,4,0.43,23.6,0
96,assessment,0,5.5,13.0,2,4.38,1,0.55,8.0,1
97,personal milestone,0,24.3,13.5,3,9.07,3,0.17,32.7,1
98,personal milestone,0,12.7,13.5,3,6.27,5,0.67,18.8,1
99,assessment,1,14.5,16.0,1,7.89,5,0.17,15.5,1
100,assessment,0,14.1,7.9,1,9.52,3,0.86,18.6,1
101,client work,0,32.0,3.9,2,8.9,1,0.51,43.4,0
102,care commitment,0,28.7,1.7,2,9.08,5,0.2,39.6,0
103,client work,0,9.1,14.2,3,8.69,2,0.68,10.6,1
104,personal milestone,1,22.9,5.5,2,7.54,4,0.29,27.1,0
105,administrative task,1,29.3,4.7,3,9.49,4,0.47,32.3,0
106,administrative task,0,18.1,9.0,1,8.74,5,0.21,25.1,1
107,care commitment,0,17.5,8.1,1,8.13,5,0.78,25.2,1
108,client work,0,11.6,18.2,1,8.82,1,0.86,15.2,1
109,administrative task,1,28.8,18.7,2,4.31,5,0.4,35.8,1
110,project delivery,0,14.5,1.5,1,8.87,3,0.73,18.9,0
111,personal milestone,1,29.7,10.0,1,8.4,4,0.46,36.1,0
112,project delivery,1,4.5,5.1,1,7.18,5,0.52,6.1,1
113,personal milestone,1,10.7,3.3,1,6.43,5,0.47,12.2,0
114,administrative task,1,20.7,1.3,3,7.34,2,0.33,24.1,0
115,personal milestone,1,10.7,8.9,3,7.88,5,0.88,11.4,1
116,assessment,1,19.2,15.9,3,7.21,4,0.8,21.5,1
117,administrative task,1,31.5,5.8,1,6.07,1,0.38,38.2,0
118,care commitment,0,6.9,12.1,2,4.77,3,0.54,13.1,1
119,client work,0,27.3,14.0,3,6.78,2,0.75,36.8,1
120,administrative task,1,5.0,4.8,1,9.14,3,0.85,4.7,1
121,assessment,0,17.3,1.7,3,5.11,3,0.79,25.3,0
122,care commitment,1,13.3,3.4,2,6.53,4,0.69,16.5,0
123,administrative task,0,13.5,4.5,3,6.89,5,0.31,17.9,0
124,administrative task,1,6.2,12.4,1,7.16,3,0.18,6.7,1
125,personal milestone,0,12.6,12.4,2,4.97,4,0.38,21.3,1
126,personal milestone,1,21.2,9.3,3,9.68,1,0.16,21.3,1
127,personal milestone,0,18.4,15.2,1,9.53,2,0.78,26.7,1
128,administrative task,0,5.0,2.3,3,6.12,4,0.86,5.5,0
129,client work,1,23.0,19.0,2,6.57,1,0.56,28.9,1
130,administrative task,0,12.8,6.3,1,4.15,2,0.5,20.5,1
131,assessment,0,7.3,15.7,3,6.59,5,0.33,9.5,1
132,administrative task,0,9.6,3.6,1,6.62,4,0.9,10.0,0
133,personal milestone,0,22.7,14.5,3,7.14,3,0.78,32.0,1
134,care commitment,0,21.9,16.1,3,5.3,2,0.73,34.9,1
135,administrative task,1,4.7,11.5,2,6.71,5,0.2,5.0,1
136,project delivery,0,12.7,20.0,3,6.78,4,0.72,20.0,1
137,project delivery,0,7.5,7.0,1,6.61,5,0.38,12.2,1
138,assessment,0,21.9,4.5,1,6.51,1,0.77,30.6,0
139,personal milestone,0,8.6,7.1,3,5.31,5,0.82,13.2,1
140,personal milestone,0,9.5,19.2,2,4.73,3,0.59,14.6,1
141,care commitment,1,8.7,18.9,1,4.99,5,0.68,11.0,1
142,assessment,0,5.2,17.4,1,4.26,5,0.31,10.0,1
143,assessment,1,15.7,13.1,2,9.16,5,0.33,19.7,1
144,administrative task,0,10.9,16.3,2,5.73,1,0.65,16.0,1
145,administrative task,1,17.6,4.9,3,4.83,3,0.69,22.4,0
146,administrative task,0,7.7,8.0,3,4.62,2,0.47,11.6,1
147,client work,0,7.9,2.0,2,9.01,4,0.3,9.9,0
148,client work,0,26.8,18.7,3,5.81,2,0.5,40.2,1
149,administrative task,0,28.6,10.5,1,9.48,5,0.47,38.7,0
150,assessment,1,13.9,2.0,2,7.47,4,0.33,17.1,0
151,project delivery,1,16.1,17.8,3,6.12,4,0.39,18.5,1
152,assessment,0,19.7,7.9,2,4.43,5,0.46,31.4,0
153,assessment,0,23.1,3.3,1,6.28,3,0.55,33.7,0
154,client work,0,9.6,10.7,3,4.23,1,0.21,16.5,1
155,administrative task,0,18.5,3.8,3,4.81,5,0.35,28.9,0
156,assessment,0,24.7,6.7,2,6.94,5,0.53,35.1,0
157,personal milestone,0,17.3,1.3,2,7.91,4,0.57,25.0,0
158,care commitment,0,28.4,13.0,3,6.75,5,0.56,42.5,1
159,assessment,0,17.5,11.0,3,7.59,4,0.22,25.4,1
160,project delivery,0,20.0,14.3,1,4.11,3,0.44,31.6,1
161,client work,0,15.5,15.7,2,9.06,1,0.66,20.8,1
162,assessment,0,13.1,13.6,3,6.19,2,0.47,18.2,1
163,assessment,0,13.9,15.7,3,7.95,3,0.59,18.1,1
164,client work,1,11.8,6.7,2,8.47,2,0.65,14.6,1
165,administrative task,0,13.8,18.7,3,5.59,1,0.56,21.4,1
166,administrative task,0,26.9,19.1,1,5.68,3,0.86,40.0,1
167,administrative task,1,22.4,15.2,1,5.17,5,0.32,27.9,1
168,personal milestone,0,7.8,12.7,3,5.39,1,0.64,12.9,1
169,care commitment,0,10.5,2.9,2,8.16,1,0.64,13.5,0
170,assessment,1,31.4,4.0,3,9.42,4,0.48,34.5,0
171,personal milestone,1,13.0,13.3,1,7.78,2,0.53,13.9,1
172,project delivery,0,29.6,4.3,1,9.42,1,0.9,39.3,0
173,administrative task,0,9.2,15.2,2,9.09,1,0.34,11.7,1
174,personal milestone,0,12.0,19.8,3,7.04,2,0.78,15.4,1
175,client work,0,26.6,7.3,3,6.66,3,0.67,37.6,0
176,personal milestone,1,26.1,11.8,1,5.02,4,0.76,33.0,1
177,project delivery,0,15.2,2.8,1,6.77,2,0.11,22.9,0
178,administrative task,0,25.1,19.1,2,7.38,5,0.11,35.4,1
179,care commitment,0,10.6,13.7,2,5.78,4,0.65,15.7,1
180,care commitment,0,25.6,14.1,3,9.31,3,0.39,34.3,1
181,client work,1,17.4,9.6,3,6.17,5,0.83,21.6,1
182,care commitment,0,27.1,15.5,3,8.38,1,0.52,36.9,1
183,personal milestone,0,6.2,11.7,1,8.81,5,0.26,9.2,1
184,client work,0,13.2,10.9,1,7.95,5,0.49,18.6,1
185,administrative task,0,26.6,9.6,3,6.41,5,0.15,38.8,0
186,personal milestone,0,24.3,8.5,1,8.33,5,0.16,33.3,0
187,care commitment,0,5.8,19.9,1,9.72,4,0.13,9.3,1
188,client work,0,25.4,19.6,3,9.59,3,0.89,35.9,1
189,administrative task,0,14.5,14.0,3,9.07,2,0.62,20.4,1
190,client work,0,31.8,8.5,1,8.22,2,0.77,46.3,0
191,personal milestone,0,17.0,14.7,2,7.09,2,0.3,23.2,1
192,personal milestone,0,9.3,17.6,1,4.19,4,0.59,11.9,1
193,project delivery,0,10.7,2.3,3,4.19,5,0.64,15.7,0
194,client work,0,24.7,8.6,1,7.13,1,0.21,35.6,1
195,client work,0,26.8,14.9,2,7.35,3,0.29,39.0,1
196,care commitment,0,18.6,8.9,2,4.35,5,0.8,27.7,1
197,care commitment,0,23.0,11.6,1,9.64,4,0.73,28.5,1
198,administrative task,0,15.4,6.7,1,8.38,4,0.29,22.4,0
199,care commitment,1,8.0,9.8,1,7.26,4,0.55,7.3,1
200,client work,1,11.1,7.3,1,9.35,3,0.17,11.9,1
201,client work,0,5.4,8.2,3,7.5,1,0.25,5.7,1
202,care commitment,0,22.8,5.1,1,9.04,3,0.34,30.5,0
203,client work,0,30.2,19.3,1,8.33,4,0.83,40.8,1
204,care commitment,0,9.7,18.4,3,5.87,3,0.4,13.1,1
205,personal milestone,0,12.6,7.8,2,6.7,4,0.71,18.3,1
206,client work,0,14.4,8.9,3,9.01,2,0.11,20.1,1
207,assessment,0,20.2,8.9,1,5.14,2,0.4,28.7,1
208,administrative task,0,19.4,18.9,2,5.49,4,0.87,29.5,1
209,administrative task,0,16.9,14.9,2,4.98,5,0.49,27.6,1
210,assessment,0,31.7,19.2,3,4.2,1,0.86,50.8,1
211,project delivery,0,15.5,17.0,1,4.39,2,0.11,26.5,1
212,personal milestone,0,5.7,13.1,3,9.29,4,0.11,7.3,1
213,administrative task,0,4.3,11.1,2,7.11,3,0.11,6.9,1
214,care commitment,0,16.1,18.9,1,4.62,1,0.52,23.6,1
215,assessment,1,18.7,16.5,2,8.61,1,0.4,22.1,1
216,assessment,0,10.8,14.2,2,7.97,1,0.62,13.5,1
217,project delivery,0,6.6,8.2,3,6.76,1,0.66,9.2,1
218,administrative task,1,22.1,7.3,1,9.19,1,0.28,26.0,1
219,care commitment,0,28.9,10.0,1,9.36,3,0.82,40.1,0
220,project delivery,0,9.0,17.2,1,9.58,5,0.22,9.8,1
221,administrative task,0,30.0,6.7,3,5.39,4,0.64,45.5,0
222,administrative task,0,25.2,3.7,3,8.2,5,0.7,32.1,0
223,project delivery,0,16.2,16.9,2,7.51,5,0.86,21.2,1
224,personal milestone,0,4.8,6.2,2,6.85,3,0.54,7.3,1
225,client work,0,23.0,13.6,1,8.48,3,0.74,30.7,1
226,project delivery,0,11.5,8.2,3,4.89,4,0.35,17.5,1
227,project delivery,1,30.4,9.4,2,4.59,1,0.25,37.3,1
228,assessment,0,18.3,3.0,1,6.05,1,0.58,26.3,0
229,administrative task,0,4.3,8.9,1,8.2,5,0.82,5.8,1
230,assessment,0,18.6,14.0,1,4.81,3,0.31,27.8,1
231,client work,1,16.2,9.0,2,8.54,3,0.3,20.5,1
232,care commitment,1,17.9,12.7,2,4.62,3,0.11,21.8,1
233,assessment,0,14.6,17.4,2,5.94,5,0.21,21.4,1
234,care commitment,0,9.6,7.0,2,9.62,3,0.69,13.3,1
235,assessment,0,25.9,7.2,2,8.74,4,0.39,34.3,0
236,client work,0,20.6,11.4,3,8.45,1,0.86,27.7,1
237,care commitment,0,9.9,16.2,3,4.4,4,0.64,13.5,1
238,personal milestone,1,10.8,13.5,3,6.45,4,0.16,14.9,1
239,administrative task,0,20.3,11.2,3,6.43,1,0.73,30.2,1
240,assessment,0,20.6,18.4,1,8.46,3,0.23,31.8,1
241,assessment,0,31.5,13.9,2,9.61,3,0.87,41.1,1
242,project delivery,0,6.8,5.2,3,7.01,5,0.65,7.8,1
243,personal milestone,1,15.0,15.7,3,8.0,2,0.38,16.2,1
244,project delivery,1,12.3,18.5,1,4.67,2,0.38,14.8,1
245,client work,0,18.6,7.6,1,6.54,4,0.36,29.0,0
246,care commitment,0,7.2,17.1,3,4.63,2,0.84,11.1,1
247,assessment,0,8.9,4.0,3,6.47,4,0.29,13.0,0
248,client work,0,9.2,13.5,2,4.17,5,0.81,16.2,1
249,administrative task,0,14.9,14.4,1,5.61,1,0.56,21.0,1
250,assessment,0,9.2,7.2,2,4.66,4,0.52,13.1,1
251,assessment,0,14.9,8.5,1,6.02,4,0.59,23.1,1
252,care commitment,0,26.4,18.5,3,4.49,2,0.35,39.1,1
253,project delivery,1,9.1,14.2,3,6.25,5,0.21,10.2,1
254,client work,0,17.6,11.2,3,9.4,2,0.54,22.5,1
255,client work,0,9.2,17.0,3,4.31,3,0.86,14.3,1
256,client work,0,26.8,19.3,3,7.79,4,0.65,37.7,1
257,administrative task,0,17.7,2.6,1,8.62,2,0.33,23.7,0
258,assessment,0,12.1,15.8,3,8.31,4,0.54,15.9,1
259,project delivery,1,11.5,11.3,2,7.14,1,0.71,14.1,1
260,client work,0,31.7,2.9,3,8.36,3,0.8,43.4,0
261,personal milestone,1,13.8,16.5,2,9.02,1,0.72,13.2,1
262,care commitment,1,20.5,7.7,3,7.54,4,0.23,22.9,1
263,client work,1,26.8,16.3,3,6.03,3,0.58,31.5,1
264,care commitment,1,12.2,11.9,3,9.72,1,0.21,11.1,1
265,administrative task,0,29.7,19.9,3,4.74,2,0.3,45.8,1
266,client work,0,25.3,13.8,2,4.82,3,0.6,39.4,1
267,project delivery,0,21.7,17.7,1,6.34,3,0.66,31.6,1
268,administrative task,0,30.6,7.2,1,9.04,1,0.68,40.1,0
269,care commitment,0,23.5,17.2,3,6.31,4,0.76,33.3,1
270,personal milestone,0,27.2,7.4,3,4.76,4,0.73,42.8,0
271,project delivery,0,5.3,12.9,2,4.09,2,0.45,9.3,1
272,administrative task,1,9.7,14.1,1,9.12,3,0.23,11.3,1
273,personal milestone,0,6.6,7.8,1,6.16,2,0.14,6.7,1
274,care commitment,0,23.6,5.4,3,4.53,1,0.1,37.1,0
275,client work,0,20.6,10.9,2,4.05,3,0.75,32.6,1
276,administrative task,0,23.4,10.1,1,6.22,1,0.18,34.4,1
277,personal milestone,0,7.8,15.7,1,7.72,2,0.15,12.3,1
278,assessment,0,22.2,9.4,3,5.24,2,0.84,33.9,1
279,administrative task,0,28.1,2.6,1,4.81,1,0.57,42.4,0
280,administrative task,0,12.8,3.7,2,7.74,2,0.54,18.3,0
281,assessment,0,12.0,18.9,1,8.92,3,0.26,16.4,1
282,client work,0,24.9,6.6,1,8.55,2,0.5,34.9,0
283,administrative task,1,21.9,2.3,1,9.72,3,0.21,24.9,0
284,assessment,0,15.8,11.4,1,8.42,1,0.11,19.1,1
285,personal milestone,1,10.0,18.5,2,6.94,5,0.71,9.5,1
286,administrative task,0,6.3,11.2,3,4.89,1,0.35,9.6,1
287,client work,0,31.3,4.0,2,6.27,1,0.35,46.2,0
288,client work,0,5.6,2.6,2,4.67,5,0.59,9.6,0
289,care commitment,0,22.4,4.3,1,8.11,1,0.23,31.2,0
290,assessment,0,18.5,16.6,2,4.97,2,0.7,26.4,1
291,care commitment,0,28.8,15.7,1,5.94,4,0.32,42.9,1
292,care commitment,1,31.3,12.9,2,6.64,3,0.14,38.0,1
293,client work,0,14.3,5.8,1,9.19,1,0.28,19.2,1
294,project delivery,0,28.0,1.2,1,6.74,4,0.84,39.8,0
295,project delivery,1,19.5,18.4,3,7.8,2,0.36,23.3,1
296,care commitment,0,13.0,16.7,3,6.16,5,0.64,19.2,1
297,client work,1,26.5,19.6,2,4.4,4,0.79,34.3,1
298,personal milestone,0,13.2,11.5,1,6.14,3,0.55,20.6,1
299,assessment,0,10.8,8.0,2,9.79,2,0.69,13.7,1
300,client work,0,8.2,18.7,1,5.35,3,0.61,11.8,1
301,project delivery,0,30.6,1.0,3,6.18,3,0.18,45.8,0
302,client work,0,15.8,19.3,1,8.13,1,0.14,22.8,1
303,assessment,1,15.6,18.0,2,9.65,1,0.56,17.3,1
304,care commitment,0,27.0,2.4,3,4.36,2,0.29,40.9,0
305,personal milestone,0,29.9,8.5,3,5.89,4,0.32,42.1,0
306,client work,1,7.8,15.6,1,4.9,2,0.46,10.6,1
307,project delivery,0,19.0,19.3,1,6.62,4,0.31,27.8,1
308,client work,1,26.6,6.8,3,8.04,1,0.27,33.2,0
309,client work,0,6.6,5.7,2,6.3,1,0.64,9.8,1
310,client work,0,4.9,8.7,2,7.22,5,0.3,7.5,1
311,client work,0,7.4,2.2,1,4.76,4,0.4,10.4,0
312,care commitment,0,6.4,12.1,1,4.13,1,0.26,12.2,1
313,client work,0,6.6,17.1,2,4.71,4,0.14,12.0,1
314,administrative task,0,27.0,8.5,1,6.22,4,0.24,38.4,0
315,client work,1,11.7,9.5,1,4.2,5,0.59,15.0,1
316,administrative task,0,15.5,11.5,1,4.51,4,0.21,21.9,1
317,assessment,1,11.0,19.9,3,8.61,4,0.73,12.1,1
318,assessment,0,25.9,7.5,3,6.91,4,0.32,35.9,0
319,assessment,1,10.1,18.0,2,4.34,4,0.52,13.9,1
320,client work,0,31.3,2.9,3,5.4,5,0.75,45.5,0
321,project delivery,0,25.4,19.0,3,8.91,4,0.38,33.7,1
322,client work,0,8.9,12.3,3,8.05,5,0.12,12.0,1
323,assessment,0,19.8,11.7,1,8.85,4,0.53,26.3,1
324,project delivery,1,6.5,5.4,1,4.12,4,0.1,5.1,1
325,client work,0,26.6,7.5,1,9.33,3,0.15,34.9,0
326,care commitment,1,29.7,15.7,3,8.99,1,0.4,34.9,1
327,administrative task,0,20.4,7.4,2,4.79,2,0.69,30.9,0
328,care commitment,0,30.9,13.3,1,8.1,5,0.65,45.7,1
329,personal milestone,0,10.3,12.2,1,6.19,3,0.2,15.1,1
330,care commitment,0,30.6,8.4,3,4.19,5,0.35,47.9,0
331,assessment,0,10.2,11.7,2,4.82,1,0.29,14.9,1
332,client work,0,21.8,19.3,3,7.89,3,0.46,30.2,1
333,client work,0,23.4,7.7,1,8.18,1,0.41,31.3,1
334,client work,0,28.8,10.4,2,6.04,4,0.18,42.1,0
335,assessment,0,22.2,14.1,1,6.62,1,0.34,28.9,1
336,project delivery,0,6.1,4.2,2,4.93,1,0.54,10.8,1
337,project delivery,0,13.5,19.7,2,8.09,4,0.85,18.2,1
338,administrative task,1,8.4,2.9,1,9.65,4,0.66,7.3,0
339,care commitment,0,19.1,13.6,2,5.38,1,0.41,27.4,1
340,administrative task,0,8.3,7.9,2,4.51,5,0.48,13.9,1
341,client work,1,8.8,6.5,1,6.75,1,0.35,11.3,1
342,administrative task,0,29.1,6.0,3,7.16,2,0.4,40.7,0
343,client work,0,16.5,6.0,2,5.53,3,0.55,23.2,0
344,care commitment,1,22.7,2.6,2,8.69,4,0.88,24.9,0
345,assessment,0,5.7,8.4,3,6.43,5,0.65,9.1,1
346,assessment,0,28.7,10.0,1,6.29,1,0.5,41.5,1
347,assessment,0,23.0,12.8,1,9.51,4,0.24,28.9,1
348,client work,0,26.6,3.4,2,4.45,4,0.26,41.8,0
349,client work,0,27.4,5.9,3,9.3,1,0.17,36.7,0
350,assessment,0,13.1,6.2,2,9.32,1,0.73,18.4,1
351,assessment,0,25.9,3.1,1,4.86,5,0.57,38.9,0
352,project delivery,0,29.9,11.7,1,8.56,5,0.8,39.7,0
353,personal milestone,0,14.7,10.2,3,6.74,2,0.32,19.3,1
354,assessment,1,23.1,8.6,2,9.16,3,0.65,23.7,1
355,administrative task,1,29.8,18.0,1,5.96,3,0.35,33.7,1
356,care commitment,0,23.2,19.5,1,4.78,4,0.72,35.7,1
357,care commitment,0,15.7,13.3,1,6.56,4,0.69,22.1,1
358,personal milestone,0,27.0,10.8,1,4.38,5,0.42,41.8,0
359,assessment,0,28.6,1.6,1,9.08,2,0.77,38.3,0
360,administrative task,1,5.4,7.8,1,5.59,4,0.5,6.2,1
361,project delivery,0,23.1,5.6,2,7.45,2,0.87,32.9,0
362,assessment,0,13.8,4.1,2,8.34,1,0.33,17.3,1
363,client work,0,27.9,15.8,1,8.97,2,0.64,37.6,1
364,administrative task,0,18.4,17.4,3,4.05,2,0.62,28.8,1
365,project delivery,0,10.3,12.6,2,8.13,3,0.44,13.5,1
366,personal milestone,0,16.9,5.1,2,7.93,5,0.42,23.7,0
367,assessment,1,32.0,19.4,2,7.26,5,0.59,37.8,1
368,project delivery,0,17.5,7.4,2,7.72,3,0.31,25.7,1
369,care commitment,0,12.4,3.8,1,9.22,5,0.42,16.8,0
370,client work,0,24.2,13.5,2,5.5,4,0.42,38.2,1
371,assessment,0,23.8,11.9,1,5.99,2,0.65,32.9,1
372,administrative task,0,29.4,13.8,3,5.74,2,0.77,42.9,1
373,client work,0,12.2,9.9,3,5.5,5,0.71,18.9,1
374,care commitment,1,29.2,13.4,1,6.06,3,0.44,35.6,1
375,personal milestone,0,11.3,6.6,1,6.73,5,0.56,15.6,0
376,administrative task,0,28.9,10.5,3,6.21,3,0.43,41.2,0
377,client work,0,7.8,4.8,2,9.73,4,0.21,9.0,1
378,client work,0,25.8,10.3,3,9.72,3,0.61,32.5,1
379,personal milestone,1,9.9,15.7,3,8.43,4,0.73,11.7,1
380,client work,0,21.2,13.0,2,6.49,4,0.41,29.8,1
381,client work,1,24.5,19.1,2,8.39,5,0.25,26.8,1
382,care commitment,0,24.5,5.3,2,5.81,1,0.41,39.4,0
383,client work,0,5.8,1.9,2,6.64,5,0.58,9.8,0
384,care commitment,0,31.9,7.5,2,6.08,2,0.23,46.9,0
385,administrative task,0,4.5,5.3,1,5.22,1,0.57,6.0,1
386,personal milestone,1,23.9,16.1,2,9.08,3,0.72,27.1,1
387,assessment,0,31.9,13.6,3,8.85,1,0.65,43.6,1
388,administrative task,0,7.5,5.8,3,4.89,1,0.34,12.2,1
389,care commitment,0,18.6,12.8,3,4.8,1,0.51,27.6,1
390,personal milestone,0,7.2,3.0,1,7.53,3,0.77,10.0,0
391,personal milestone,0,23.7,6.6,1,7.18,2,0.65,33.9,0
392,client work,0,4.1,13.8,1,8.84,4,0.22,6.0,1
393,assessment,1,6.1,14.7,2,7.74,4,0.89,7.7,1
394,administrative task,0,5.4,16.5,1,8.94,3,0.74,8.2,1
395,care commitment,0,7.2,17.2,1,4.06,2,0.63,11.2,1
396,personal milestone,1,29.0,19.1,2,9.1,1,0.4,32.3,1
397,project delivery,0,15.2,19.3,2,8.85,4,0.74,20.8,1
398,client work,0,7.2,14.2,1,9.69,2,0.18,8.1,1
399,administrative task,0,26.5,13.9,1,7.55,3,0.59,37.2,1
400,care commitment,0,31.3,3.5,2,4.66,4,0.45,48.1,0
401,care commitment,1,12.8,14.4,3,7.04,5,0.68,16.1,1
402,care commitment,1,28.4,10.9,3,8.06,1,0.45,32.4,1
403,administrative task,0,13.7,13.8,2,4.86,5,0.81,20.4,1
404,project delivery,0,22.0,4.0,2,8.94,2,0.16,29.8,0
405,client work,0,13.3,6.3,3,5.29,4,0.42,21.5,0
406,administrative task,1,16.4,11.9,1,8.97,4,0.35,17.8,1
407,care commitment,0,22.3,3.0,2,4.21,5,0.1,36.4,0
408,assessment,1,31.0,13.1,3,7.26,4,0.86,37.4,1
409,project delivery,0,26.9,17.0,2,7.25,5,0.58,38.4,1
410,personal milestone,0,24.0,3.2,3,5.29,3,0.38,36.3,0
411,personal milestone,0,19.3,8.1,1,4.27,2,0.49,29.4,1
412,care commitment,0,24.2,3.0,3,5.14,1,0.84,39.4,0
413,administrative task,0,27.1,4.6,2,4.63,4,0.14,41.1,0
414,care commitment,0,20.5,15.7,2,6.65,5,0.86,31.5,1
415,administrative task,1,4.1,15.0,3,9.42,5,0.49,3.9,1
416,client work,0,23.4,4.3,1,4.6,5,0.58,34.4,0
417,administrative task,0,15.7,12.6,3,8.42,3,0.42,20.2,1
418,personal milestone,0,16.7,3.5,2,7.49,5,0.34,23.4,0
419,personal milestone,0,23.9,18.8,3,5.26,2,0.6,37.9,1
420,personal milestone,0,29.8,3.5,3,7.77,2,0.5,42.7,0
421,personal milestone,0,23.9,15.5,3,6.79,5,0.85,34.3,1
422,care commitment,0,24.9,17.0,2,9.09,4,0.75,31.9,1
423,project delivery,0,14.7,2.0,1,5.16,2,0.89,22.4,0
424,client work,0,27.5,14.1,2,5.18,5,0.13,41.9,1
425,project delivery,0,21.3,13.8,3,9.02,5,0.41,27.7,1
426,care commitment,0,12.1,13.6,2,6.25,3,0.87,17.0,1
427,care commitment,1,11.0,12.8,2,8.81,3,0.7,11.4,1
428,assessment,0,9.5,14.8,1,5.71,2,0.89,15.8,1
429,client work,1,24.6,3.3,1,6.49,5,0.31,28.4,0
430,personal milestone,1,4.2,9.9,1,4.23,3,0.58,4.7,1
431,care commitment,0,21.2,13.6,2,8.58,5,0.39,29.0,1
432,personal milestone,0,18.7,19.2,3,4.4,5,0.23,30.8,1
433,administrative task,0,6.6,5.2,1,7.85,3,0.39,8.4,1
434,assessment,1,18.9,19.9,3,4.05,3,0.46,24.6,1
435,assessment,0,29.7,5.6,1,7.96,3,0.41,41.9,0
436,project delivery,0,14.8,11.3,2,4.14,5,0.76,22.9,1
437,assessment,0,16.5,1.8,3,5.12,5,0.17,23.3,0
438,assessment,1,18.9,12.9,1,7.89,2,0.79,21.5,1
439,project delivery,0,9.8,16.7,3,8.5,1,0.7,12.7,1
440,administrative task,1,24.1,1.7,1,4.31,3,0.55,30.7,0
441,client work,0,29.5,8.7,2,7.66,4,0.35,44.3,0
442,project delivery,0,19.0,13.2,3,4.37,5,0.14,28.8,1
443,personal milestone,0,30.0,3.0,3,5.75,1,0.33,45.4,0
444,administrative task,0,15.1,13.6,2,4.91,2,0.21,23.7,1
445,assessment,0,12.3,13.0,2,7.93,3,0.87,17.8,1
446,assessment,1,8.0,1.8,3,7.46,5,0.54,10.2,0
447,client work,1,25.0,18.2,2,5.23,5,0.21,32.3,1
448,assessment,1,27.4,4.7,1,7.89,5,0.78,32.9,0
449,assessment,0,16.9,11.4,2,7.9,3,0.18,23.3,1
450,administrative task,0,30.6,7.8,3,7.8,1,0.33,44.1,0
451,client work,1,12.9,9.6,3,7.82,5,0.22,15.2,1
452,personal milestone,0,30.8,4.2,2,5.43,2,0.67,46.2,0
453,personal milestone,0,27.5,3.6,3,5.92,4,0.47,40.9,0
454,personal milestone,0,17.6,3.1,3,7.52,3,0.79,23.1,0
455,assessment,1,9.5,14.9,3,4.44,1,0.81,12.8,1
456,care commitment,0,4.9,12.1,2,8.46,2,0.83,6.3,1
457,assessment,0,29.0,11.3,3,8.5,3,0.41,39.8,1
458,assessment,0,24.5,6.5,2,6.91,1,0.42,35.0,0
459,care commitment,0,10.7,19.3,3,7.97,5,0.21,15.5,1
460,assessment,1,30.6,13.5,1,8.27,4,0.85,34.0,1
461,administrative task,1,10.5,6.0,1,4.25,2,0.51,14.7,1
462,administrative task,0,17.2,9.6,1,4.23,3,0.18,26.9,1
463,care commitment,0,27.2,16.9,2,7.36,5,0.24,39.9,1
464,personal milestone,0,20.5,18.1,1,7.0,4,0.88,28.6,1
465,administrative task,1,13.9,17.5,2,8.6,5,0.11,17.4,1
466,administrative task,0,8.6,2.5,3,5.63,2,0.25,12.2,1
467,care commitment,0,26.9,13.6,2,8.7,1,0.49,34.6,1
468,client work,0,20.5,13.3,2,4.13,1,0.2,32.5,1
469,client work,0,21.6,1.7,3,4.85,2,0.31,31.8,0
470,administrative task,1,20.8,11.7,1,9.1,3,0.86,23.1,1
471,assessment,1,31.8,17.5,1,5.27,4,0.58,37.9,1
472,client work,0,21.4,10.7,1,8.2,3,0.84,30.2,1
473,project delivery,0,10.4,8.3,1,4.1,5,0.79,18.5,1
474,administrative task,0,27.1,12.5,1,6.76,5,0.58,37.2,1
475,assessment,0,18.1,3.2,2,7.82,5,0.53,25.1,0
476,care commitment,1,22.2,10.9,2,9.07,5,0.44,24.1,1
477,administrative task,0,26.1,8.2,3,8.67,5,0.18,33.8,0
478,administrative task,1,25.4,18.3,1,5.64,5,0.43,31.0,1
479,care commitment,1,24.8,1.1,3,4.68,1,0.4,31.7,0
480,personal milestone,1,15.4,3.0,2,7.78,3,0.31,18.3,0
481,assessment,0,14.2,6.2,3,6.31,2,0.43,21.5,1
482,administrative task,0,9.0,11.6,2,5.47,3,0.56,13.7,1
483,administrative task,0,24.6,17.2,3,4.69,2,0.46,37.6,1
484,client work,0,6.8,10.7,2,8.64,5,0.66,8.4,1
485,client work,0,14.9,13.1,1,8.77,4,0.84,20.0,1
486,project delivery,0,11.4,8.0,3,4.22,4,0.84,17.9,1
487,care commitment,0,18.6,14.5,3,4.33,2,0.61,29.8,1
488,client work,0,27.8,18.7,3,5.66,1,0.73,40.9,1
489,care commitment,0,10.5,4.2,1,6.09,1,0.88,14.9,0
490,personal milestone,1,25.8,7.7,2,6.35,2,0.51,29.0,1
491,project delivery,0,29.7,11.4,3,8.81,5,0.38,40.9,0
492,personal milestone,0,10.3,19.3,2,9.39,5,0.1,12.4,1
493,assessment,1,7.0,2.4,2,5.97,1,0.74,8.5,0
494,assessment,0,26.8,11.9,3,6.57,4,0.55,40.6,1
495,personal milestone,0,30.9,9.7,2,9.2,1,0.49,40.8,0
496,administrative task,0,21.7,19.9,3,8.07,3,0.43,30.2,1
497,assessment,0,4.3,16.8,1,5.67,4,0.64,6.1,1
498,project delivery,0,19.5,4.4,2,6.05,5,0.32,27.5,0
499,care commitment,0,30.0,4.6,3,5.16,2,0.8,47.5,0
500,client work,1,27.4,16.9,2,4.9,1,0.2,33.7,1
501,care commitment,1,17.8,1.1,3,9.56,4,0.4,20.9,0
502,assessment,0,28.3,10.3,3,5.63,2,0.7,42.3,0
503,assessment,1,26.4,10.1,3,4.19,3,0.41,34.6,1
504,client work,0,16.8,3.3,3,6.67,1,0.11,25.3,0
505,assessment,1,6.8,7.9,2,5.09,3,0.29,9.7,1
506,assessment,0,13.6,4.5,2,5.22,3,0.39,22.1,0
507,administrative task,0,9.0,3.5,3,7.98,1,0.68,14.9,0
508,assessment,0,16.1,8.2,1,8.64,2,0.48,23.9,1
509,administrative task,1,18.0,19.9,3,7.0,3,0.73,20.4,1
510,assessment,0,28.0,1.9,1,8.01,1,0.27,38.3,0
511,care commitment,0,6.7,15.1,2,6.09,5,0.55,10.5,1
512,personal milestone,0,4.6,3.3,3,9.59,2,0.56,6.0,1
513,assessment,0,8.9,15.8,2,5.89,5,0.49,15.2,1
514,project delivery,0,14.7,6.4,3,9.55,2,0.61,19.3,1
515,administrative task,0,21.7,11.9,1,4.46,3,0.28,34.3,1
516,personal milestone,0,23.9,12.5,2,5.57,4,0.72,35.4,1
517,care commitment,0,20.4,19.3,2,4.97,1,0.2,31.5,1
518,personal milestone,1,30.3,14.3,1,5.22,4,0.18,37.0,1
519,administrative task,1,19.4,1.5,2,7.04,1,0.18,21.3,0
520,project delivery,0,22.3,17.8,2,5.33,3,0.45,33.8,1
521,assessment,1,27.5,1.5,3,6.07,3,0.79,35.3,0
522,assessment,0,30.2,11.4,1,9.62,5,0.24,40.8,0
523,care commitment,0,25.0,17.7,2,7.04,5,0.35,35.5,1
524,assessment,0,10.4,2.7,2,6.12,3,0.22,16.1,0
525,assessment,1,26.8,17.1,2,5.66,5,0.11,34.6,1
526,administrative task,0,12.4,15.6,2,7.46,1,0.54,16.7,1
527,assessment,1,16.2,5.7,3,8.28,4,0.76,18.9,0
528,project delivery,1,15.8,5.6,3,8.68,3,0.33,16.9,0
529,personal milestone,0,15.6,17.2,1,4.79,1,0.61,23.8,1
530,personal milestone,0,23.6,10.3,2,4.11,1,0.88,37.5,1
531,project delivery,1,11.9,3.4,2,8.22,2,0.17,14.4,0
532,client work,1,13.6,6.9,2,9.79,4,0.66,15.9,1
533,project delivery,1,27.6,19.1,1,5.55,4,0.16,33.5,1
534,client work,0,29.1,5.8,2,8.8,1,0.88,37.6,0
535,administrative task,0,25.6,9.4,3,9.77,2,0.47,32.8,1
536,assessment,0,22.6,5.0,2,7.95,3,0.85,31.3,0
537,care commitment,1,5.2,18.8,3,4.71,4,0.61,6.6,1
538,project delivery,1,28.2,5.1,1,5.37,4,0.36,36.1,0
539,personal milestone,1,20.4,8.5,1,4.05,1,0.56,24.4,1
540,care commitment,0,20.7,8.1,1,5.44,4,0.17,32.8,0
541,care commitment,0,5.7,7.8,1,8.07,1,0.2,7.4,1
542,assessment,1,26.1,15.4,2,8.25,1,0.65,29.1,1
543,client work,0,11.0,1.8,3,6.54,3,0.53,16.4,0
544,assessment,0,9.2,7.6,3,6.72,5,0.83,14.5,1
545,project delivery,0,18.9,9.5,2,7.14,4,0.1,26.6,1
546,administrative task,0,24.5,17.8,3,8.97,5,0.29,32.7,1
547,care commitment,0,31.1,16.6,1,7.04,4,0.71,45.3,1
548,personal milestone,1,13.0,13.2,1,4.56,1,0.14,17.3,1
549,client work,0,28.5,4.8,2,5.11,1,0.56,43.3,0
550,care commitment,0,17.7,12.9,3,5.48,3,0.28,27.6,1
